Story ID,Title,Sprint,Sprint start,Sprint end,Estimate,Scope,Status,Owner,Dependencies,Objectives,Acceptance criteria,Notes,Body
S1-01,[S1-01] Prepare institutional eligibility and school mapping decisions,Sprint 1,2026-09-28,2026-10-09,2,Required outcome; policy decision,Draft,,S0-5,1;2;8,"Record a reviewed candidate list of at least six schools, exact email domains and aliases with supporting evidence. | Present the regional allowlist versus any-.edu question (ADR-014) and unsupported-domain behavior for a Rule 8 decision; attach meeting evidence when decided. | Do not infer eligibility or approved support from the eight existing seed rows.",Domain investigation does not itself change the Clerk instance or admission policy.,"Story ID: S1-01
Candidate sprint: 1 (2026-09-28 to 2026-10-09)
Estimate: 2 points (draft)
Scope: Required outcome; policy decision
Dependencies: S0-5
Objectives: 1;2;8
Status: Draft; unassigned

Acceptance criteria:
- [ ] Record a reviewed candidate list of at least six schools, exact email domains and aliases with supporting evidence.
- [ ] Present the regional allowlist versus any-.edu question (ADR-014) and unsupported-domain behavior for a Rule 8 decision; attach meeting evidence when decided.
- [ ] Do not infer eligibility or approved support from the eight existing seed rows.

Domain investigation does not itself change the Clerk instance or admission policy.

Apply all seven team Definition of Done checks; this item is not approval evidence."
S1-02,[S1-02] Add immutable identity foundation with a safe migration plan,Sprint 1,2026-09-28,2026-10-09,5,Required identity integrity; ADR-012 proposal,Draft,,S0-1;S0-2;D-IDENTITY,1;6;10,Use a new Flyway migration and student model mapping with a unique Clerk subject and documented legacy backfill rules. | Fresh and populated Postgres 16 database checks pass without assigning unverified Clerk identities to legacy rows. | Resolve callers from verified JWT sub; test missing and mismatched subjects; preserve compatibility until each ownership slice migrates.,,"Story ID: S1-02
Candidate sprint: 1 (2026-09-28 to 2026-10-09)
Estimate: 5 points (draft)
Scope: Required identity integrity; ADR-012 proposal
Dependencies: S0-1;S0-2;D-IDENTITY
Objectives: 1;6;10
Status: Draft; unassigned

Acceptance criteria:
- [ ] Use a new Flyway migration and student model mapping with a unique Clerk subject and documented legacy backfill rules.
- [ ] Fresh and populated Postgres 16 database checks pass without assigning unverified Clerk identities to legacy rows.
- [ ] Resolve callers from verified JWT sub; test missing and mismatched subjects; preserve compatibility until each ownership slice migrates.



Apply all seven team Definition of Done checks; this item is not approval evidence."
S1-03,[S1-03] Implement verified domain-to-school registration,Sprint 1,2026-09-28,2026-10-09,5,Required outcome; reviewed mapping design,Draft,,S1-01;S1-02;D-SCHOOLS,1;2,"Enforce approved institutional eligibility and verified email server-side on every protected route. | Map a verified domain to its school without per-student admin setup; ambiguous and unsupported domains receive a usable error. | Exercise successful registration at at least six supported institutions and negative cases for unverified, lookalike and disallowed domains.",,"Story ID: S1-03
Candidate sprint: 1 (2026-09-28 to 2026-10-09)
Estimate: 5 points (draft)
Scope: Required outcome; reviewed mapping design
Dependencies: S1-01;S1-02;D-SCHOOLS
Objectives: 1;2
Status: Draft; unassigned

Acceptance criteria:
- [ ] Enforce approved institutional eligibility and verified email server-side on every protected route.
- [ ] Map a verified domain to its school without per-student admin setup; ambiguous and unsupported domains receive a usable error.
- [ ] Exercise successful registration at at least six supported institutions and negative cases for unverified, lookalike and disallowed domains.



Apply all seven team Definition of Done checks; this item is not approval evidence."
S1-04,[S1-04] Synchronize Clerk identity through verified idempotent webhooks,Sprint 1,2026-09-28,2026-10-09,5,Recorded implementation plan; ADR-012 proposal,Draft,,S1-02;S1-03,1;2;10,"Verify webhook signatures over the raw request before processing; invalid signatures cannot write records. | Replaying user.created produces one student; retries after partial failure converge without duplicate ownership. | Document event ordering, pending-profile state and supported updates; ensure profile completion works after asynchronous creation.",,"Story ID: S1-04
Candidate sprint: 1 (2026-09-28 to 2026-10-09)
Estimate: 5 points (draft)
Scope: Recorded implementation plan; ADR-012 proposal
Dependencies: S1-02;S1-03
Objectives: 1;2;10
Status: Draft; unassigned

Acceptance criteria:
- [ ] Verify webhook signatures over the raw request before processing; invalid signatures cannot write records.
- [ ] Replaying user.created produces one student; retries after partial failure converge without duplicate ownership.
- [ ] Document event ordering, pending-profile state and supported updates; ensure profile completion works after asynchronous creation.



Apply all seven team Definition of Done checks; this item is not approval evidence."
S1-05,[S1-05] Provide authenticated image upload foundation,Sprint 1,2026-09-28,2026-10-09,5,Required outcome; provider decision,Draft,,S0-1;S1-02;D-IMAGES,3;10,"Integrate the reviewed Cloudinary or S3 option with server-controlled upload authorization and no browser secret. | Validate size and actual image type, enforce ownership and constrain returned asset references; rejected uploads leave actionable feedback. | Document asset deletion/orphan cleanup and verify upload failure/retry against an authorized test account.",,"Story ID: S1-05
Candidate sprint: 1 (2026-09-28 to 2026-10-09)
Estimate: 5 points (draft)
Scope: Required outcome; provider decision
Dependencies: S0-1;S1-02;D-IMAGES
Objectives: 3;10
Status: Draft; unassigned

Acceptance criteria:
- [ ] Integrate the reviewed Cloudinary or S3 option with server-controlled upload authorization and no browser secret.
- [ ] Validate size and actual image type, enforce ownership and constrain returned asset references; rejected uploads leave actionable feedback.
- [ ] Document asset deletion/orphan cleanup and verify upload failure/retry against an authorized test account.



Apply all seven team Definition of Done checks; this item is not approval evidence."
S1-06,[S1-06] Add complete profile API fields and validation,Sprint 1,2026-09-28,2026-10-09,3,Recorded profile plan,Draft,,S1-02;S1-03,2;5;8,"Provide name, mapped school, major, graduation year, bio and profile image fields with migration-backed length/type validation. | Only the subject owning the profile can edit it; ownership/school eligibility cannot be reassigned through request fields. | Self-profile reads and updates work on Postgres; invalid data returns field-level 400 responses.",,"Story ID: S1-06
Candidate sprint: 1 (2026-09-28 to 2026-10-09)
Estimate: 3 points (draft)
Scope: Recorded profile plan
Dependencies: S1-02;S1-03
Objectives: 2;5;8
Status: Draft; unassigned

Acceptance criteria:
- [ ] Provide name, mapped school, major, graduation year, bio and profile image fields with migration-backed length/type validation.
- [ ] Only the subject owning the profile can edit it; ownership/school eligibility cannot be reassigned through request fields.
- [ ] Self-profile reads and updates work on Postgres; invalid data returns field-level 400 responses.



Apply all seven team Definition of Done checks; this item is not approval evidence."
S1-07,[S1-07] Enforce profile privacy and remove contact-bearing DTOs,Sprint 1,2026-09-28,2026-10-09,5,Required privacy invariant; conflict remains open,Draft,,S1-06;D-DIRECTORY,5;6;10,"Persist reviewed per-field preferences and filter private profile fields on the server. | Other students never receive personal email/contact details in directory, listings, feed, support or chat payloads; self-account data uses a separate authorized response. | Test defaults, preference updates, partial-name search across schools and raw API responses, including direct ID access.",Directory lookup-by-email behavior requires the recorded conflict decision; do not weaken invariant 4.,"Story ID: S1-07
Candidate sprint: 1 (2026-09-28 to 2026-10-09)
Estimate: 5 points (draft)
Scope: Required privacy invariant; conflict remains open
Dependencies: S1-06;D-DIRECTORY
Objectives: 5;6;10
Status: Draft; unassigned

Acceptance criteria:
- [ ] Persist reviewed per-field preferences and filter private profile fields on the server.
- [ ] Other students never receive personal email/contact details in directory, listings, feed, support or chat payloads; self-account data uses a separate authorized response.
- [ ] Test defaults, preference updates, partial-name search across schools and raw API responses, including direct ID access.

Directory lookup-by-email behavior requires the recorded conflict decision; do not weaken invariant 4.

Apply all seven team Definition of Done checks; this item is not approval evidence."
S1-08,[S1-08] Build profile completion and privacy controls,Sprint 1,2026-09-28,2026-10-09,3,Recorded profile plan,Draft,,S1-05;S1-06;S1-07,2;5;8,"First-time students can complete required fields, upload a photo and save field visibility with labeled controls. | Loading, validation, save failure/retry and saved state are explicit; refresh retains the profile. | Complete the flow at 375px and by keyboard; profile controls remain reachable from the mobile user menu.",,"Story ID: S1-08
Candidate sprint: 1 (2026-09-28 to 2026-10-09)
Estimate: 3 points (draft)
Scope: Recorded profile plan
Dependencies: S1-05;S1-06;S1-07
Objectives: 2;5;8
Status: Draft; unassigned

Acceptance criteria:
- [ ] First-time students can complete required fields, upload a photo and save field visibility with labeled controls.
- [ ] Loading, validation, save failure/retry and saved state are explicit; refresh retains the profile.
- [ ] Complete the flow at 375px and by keyboard; profile controls remain reachable from the mobile user menu.



Apply all seven team Definition of Done checks; this item is not approval evidence."
S1-09,[S1-09] Enroll and verify institutional two-factor sign-in,Sprint 1,2026-09-28,2026-10-09,3,Required outcome; instance configuration decision,Draft,,S1-03;D-2FA,1;10,Record the factor decision and authorized instance configuration; enroll authorized test/team accounts with recovery codes. | Inspect a real token from the matching instance to validate second-factor claim shape without retaining secrets. | Enforce corresponding frontend/backend gates together; verify permitted institutional 2FA sessions and denied missing-factor/noninstitutional sessions.,TOTP plus backup codes is proposed ADR-015. Dashboard state and enrollment are external prerequisites; do not claim email OTP alone is 2FA.,"Story ID: S1-09
Candidate sprint: 1 (2026-09-28 to 2026-10-09)
Estimate: 3 points (draft)
Scope: Required outcome; instance configuration decision
Dependencies: S1-03;D-2FA
Objectives: 1;10
Status: Draft; unassigned

Acceptance criteria:
- [ ] Record the factor decision and authorized instance configuration; enroll authorized test/team accounts with recovery codes.
- [ ] Inspect a real token from the matching instance to validate second-factor claim shape without retaining secrets.
- [ ] Enforce corresponding frontend/backend gates together; verify permitted institutional 2FA sessions and denied missing-factor/noninstitutional sessions.

TOTP plus backup codes is proposed ADR-015. Dashboard state and enrollment are external prerequisites; do not claim email OTP alone is 2FA.

Apply all seven team Definition of Done checks; this item is not approval evidence."
S1-10,[S1-10] Migrate marketplace ownership from email to stable student identity,Sprint 1,2026-09-28,2026-10-09,5,ADR-012 implementation slice,Draft,,S1-02,3;6;10,"Migrate seller, favorite and reporter ownership with explicit unmatched-row handling and no edits to applied migrations. | The same Clerk subject retains listings and favorites after an email change. | Another subject cannot edit, delete or impersonate the owner; remove email-based authorization in this module.",,"Story ID: S1-10
Candidate sprint: 1 (2026-09-28 to 2026-10-09)
Estimate: 5 points (draft)
Scope: ADR-012 implementation slice
Dependencies: S1-02
Objectives: 3;6;10
Status: Draft; unassigned

Acceptance criteria:
- [ ] Migrate seller, favorite and reporter ownership with explicit unmatched-row handling and no edits to applied migrations.
- [ ] The same Clerk subject retains listings and favorites after an email change.
- [ ] Another subject cannot edit, delete or impersonate the owner; remove email-based authorization in this module.



Apply all seven team Definition of Done checks; this item is not approval evidence."
S1-11,[S1-11] Migrate messaging identity and memberships,Sprint 1,2026-09-28,2026-10-09,5,ADR-012 implementation slice,Draft,,S1-02,6;10,"Migrate participant, sender, blocker/blocked and reporter/reported identities preserving conversation membership. | An email change preserves inbox membership, unread state and blocks; unauthorized subjects cannot enter a conversation. | Backfill/constraint checks pass against populated Postgres with report and block records.",,"Story ID: S1-11
Candidate sprint: 1 (2026-09-28 to 2026-10-09)
Estimate: 5 points (draft)
Scope: ADR-012 implementation slice
Dependencies: S1-02
Objectives: 6;10
Status: Draft; unassigned

Acceptance criteria:
- [ ] Migrate participant, sender, blocker/blocked and reporter/reported identities preserving conversation membership.
- [ ] An email change preserves inbox membership, unread state and blocks; unauthorized subjects cannot enter a conversation.
- [ ] Backfill/constraint checks pass against populated Postgres with report and block records.



Apply all seven team Definition of Done checks; this item is not approval evidence."
S1-12,[S1-12] Migrate community and support identity,Sprint 1,2026-09-28,2026-10-09,5,ADR-012 implementation slice,Draft,,S1-02,7;10,"Migrate group creator/member, post/comment author, likes, event creator and anonymous requester to stable identity. | An email change preserves ownership; another student cannot mutate those records or discover anonymous requester identity. | After all ownership slices land, audit remaining email-based authorization and remove it only when migration compatibility is no longer needed.",,"Story ID: S1-12
Candidate sprint: 1 (2026-09-28 to 2026-10-09)
Estimate: 5 points (draft)
Scope: ADR-012 implementation slice
Dependencies: S1-02
Objectives: 7;10
Status: Draft; unassigned

Acceptance criteria:
- [ ] Migrate group creator/member, post/comment author, likes, event creator and anonymous requester to stable identity.
- [ ] An email change preserves ownership; another student cannot mutate those records or discover anonymous requester identity.
- [ ] After all ownership slices land, audit remaining email-based authorization and remove it only when migration compatibility is no longer needed.



Apply all seven team Definition of Done checks; this item is not approval evidence."
S2-1,[S2-1] Complete and verify four-tab navigation consolidation,Sprint 2,2026-10-12,2026-10-23,2,Recorded navigation requirement; existing work in progress,Draft,,S0-4,5,"Keep Marketplace, Messages, Community, Support in the same order at every width. | Place Directory inside Community; /directory redirects to /community?tab=directory and browser navigation keeps the selected surface. | Preserve loading/error/empty feedback and profile access; record phone and keyboard evidence.","ID preserved from context/5_progress.md; source already contains consolidation, so estimate is remaining verification and fixes, not a rewrite.","Story ID: S2-1
Candidate sprint: 2 (2026-10-12 to 2026-10-23)
Estimate: 2 points (draft)
Scope: Recorded navigation requirement; existing work in progress
Dependencies: S0-4
Objectives: 5
Status: Draft; unassigned

Acceptance criteria:
- [ ] Keep Marketplace, Messages, Community, Support in the same order at every width.
- [ ] Place Directory inside Community; /directory redirects to /community?tab=directory and browser navigation keeps the selected surface.
- [ ] Preserve loading/error/empty feedback and profile access; record phone and keyboard evidence.

ID preserved from context/5_progress.md; source already contains consolidation, so estimate is remaining verification and fixes, not a rewrite.

Apply all seven team Definition of Done checks; this item is not approval evidence."
S2-02,[S2-02] Build desktop sidebar and tablet rail,Sprint 2,2026-10-12,2026-10-23,3,Recorded responsive design plan,Draft,,S2-1,8,At 1024px and above render the 240px sidebar; at 640–1023px render a 72px icon rail with accessible labels/tooltips. | Active destination has an indicator in addition to accent color; main content never hides beneath navigation. | Profile/preferences stay reachable and keyboard focus remains visible at both breakpoint edges.,,"Story ID: S2-02
Candidate sprint: 2 (2026-10-12 to 2026-10-23)
Estimate: 3 points (draft)
Scope: Recorded responsive design plan
Dependencies: S2-1
Objectives: 8
Status: Draft; unassigned

Acceptance criteria:
- [ ] At 1024px and above render the 240px sidebar; at 640–1023px render a 72px icon rail with accessible labels/tooltips.
- [ ] Active destination has an indicator in addition to accent color; main content never hides beneath navigation.
- [ ] Profile/preferences stay reachable and keyboard focus remains visible at both breakpoint edges.



Apply all seven team Definition of Done checks; this item is not approval evidence."
S2-03,[S2-03] Build mobile shell and safe-area navigation,Sprint 2,2026-10-12,2026-10-23,3,Recorded responsive design plan,Draft,,S2-1,3;8,"Below 640px show four bottom destinations with labels, safe-area spacing and 44px target goals. | Top bar retains school badge, search and user access; page actions and message composer clear the bottom bar. | At 375px and text enlargement verify no horizontal page overflow and no inaccessible controls.",,"Story ID: S2-03
Candidate sprint: 2 (2026-10-12 to 2026-10-23)
Estimate: 3 points (draft)
Scope: Recorded responsive design plan
Dependencies: S2-1
Objectives: 3;8
Status: Draft; unassigned

Acceptance criteria:
- [ ] Below 640px show four bottom destinations with labels, safe-area spacing and 44px target goals.
- [ ] Top bar retains school badge, search and user access; page actions and message composer clear the bottom bar.
- [ ] At 375px and text enlargement verify no horizontal page overflow and no inaccessible controls.



Apply all seven team Definition of Done checks; this item is not approval evidence."
S2-04,[S2-04] Apply accessible school themes automatically at login,Sprint 2,2026-10-12,2026-10-23,5,Contract objective,Draft,,S1-03;S1-06;S2-02;D-SCHOOLS,2;8,"Resolve the signed-in school and apply reviewed token overrides automatically for every supported school; unknown/unset school uses the base palette. | Source palettes from official brand guidance and retain neutral content surfaces. | Record actual contrast pairs in light/dark modes: ordinary text at least 4.5:1, large text and required control indicators at least 3:1; test login and account switch.",,"Story ID: S2-04
Candidate sprint: 2 (2026-10-12 to 2026-10-23)
Estimate: 5 points (draft)
Scope: Contract objective
Dependencies: S1-03;S1-06;S2-02;D-SCHOOLS
Objectives: 2;8
Status: Draft; unassigned

Acceptance criteria:
- [ ] Resolve the signed-in school and apply reviewed token overrides automatically for every supported school; unknown/unset school uses the base palette.
- [ ] Source palettes from official brand guidance and retain neutral content surfaces.
- [ ] Record actual contrast pairs in light/dark modes: ordinary text at least 4.5:1, large text and required control indicators at least 3:1; test login and account switch.



Apply all seven team Definition of Done checks; this item is not approval evidence."
S2-05,[S2-05] Add theme and text-size preferences,Sprint 2,2026-10-12,2026-10-23,3,Recorded accessibility plan,Draft,,S2-04,8,System/light/dark preference controls both semantic colors and dark utilities and persists across reload. | Text size scales body and navigation labels without clipping or losing actions. | Keyboard and school-theme checks cover both override directions and reduced-motion preference.,,"Story ID: S2-05
Candidate sprint: 2 (2026-10-12 to 2026-10-23)
Estimate: 3 points (draft)
Scope: Recorded accessibility plan
Dependencies: S2-04
Objectives: 8
Status: Draft; unassigned

Acceptance criteria:
- [ ] System/light/dark preference controls both semantic colors and dark utilities and persists across reload.
- [ ] Text size scales body and navigation labels without clipping or losing actions.
- [ ] Keyboard and school-theme checks cover both override directions and reduced-motion preference.



Apply all seven team Definition of Done checks; this item is not approval evidence."
S2-06,[S2-06] Repair shared keyboard and announcement primitives,Sprint 2,2026-10-12,2026-10-23,5,Recorded WCAG 2.1 AA requirement,Draft,,S2-1,10,"Modals set initial focus, contain focus, close on Escape and return focus to their trigger. | Tabs expose selected state and associated panels and support expected keyboard movement; toast/status feedback is announced with named dismiss controls. | Exercise real listing/profile/community flows by keyboard and screen reader; record defects and fixes without claiming an automated pass proves conformance.",,"Story ID: S2-06
Candidate sprint: 2 (2026-10-12 to 2026-10-23)
Estimate: 5 points (draft)
Scope: Recorded WCAG 2.1 AA requirement
Dependencies: S2-1
Objectives: 10
Status: Draft; unassigned

Acceptance criteria:
- [ ] Modals set initial focus, contain focus, close on Escape and return focus to their trigger.
- [ ] Tabs expose selected state and associated panels and support expected keyboard movement; toast/status feedback is announced with named dismiss controls.
- [ ] Exercise real listing/profile/community flows by keyboard and screen reader; record defects and fixes without claiming an automated pass proves conformance.



Apply all seven team Definition of Done checks; this item is not approval evidence."
S2-07,[S2-07] Establish frontend flow and accessibility verification,Sprint 2,2026-10-12,2026-10-23,3,Recorded testing plan; dependency approval needed,Draft,,S2-03;S2-06;D-TEST-TOOLS,3;8;10,"Add only reviewed test dependencies in a dedicated tooling change and document how to run them. | Cover four-tab routing, profile entry, errors and modal focus with behavior-based assertions. | Record Chrome, Safari and Firefox checks at phone and desktop widths; CI executes the approved automated checks.",,"Story ID: S2-07
Candidate sprint: 2 (2026-10-12 to 2026-10-23)
Estimate: 3 points (draft)
Scope: Recorded testing plan; dependency approval needed
Dependencies: S2-03;S2-06;D-TEST-TOOLS
Objectives: 3;8;10
Status: Draft; unassigned

Acceptance criteria:
- [ ] Add only reviewed test dependencies in a dedicated tooling change and document how to run them.
- [ ] Cover four-tab routing, profile entry, errors and modal focus with behavior-based assertions.
- [ ] Record Chrome, Safari and Firefox checks at phone and desktop widths; CI executes the approved automated checks.



Apply all seven team Definition of Done checks; this item is not approval evidence."
S2-P01,[S2-P01] Explore notification centre,Sprint 2,2026-10-12,2026-10-23,3,Scope proposal; not committed,Draft,,D-SCOPE;S1-02,Supporting UX only,"If approved, define event sources, retention, unread semantics and server-authorized recipient access. | Design populated/empty/error states and cap display badges at 99+. | If not approved, defer the feature without blocking required messaging delivery.",,"Story ID: S2-P01
Candidate sprint: 2 (2026-10-12 to 2026-10-23)
Estimate: 3 points (draft)
Scope: Scope proposal; not committed
Dependencies: D-SCOPE;S1-02
Objectives: Supporting UX only
Status: Draft; unassigned

Acceptance criteria:
- [ ] If approved, define event sources, retention, unread semantics and server-authorized recipient access.
- [ ] Design populated/empty/error states and cap display badges at 99+.
- [ ] If not approved, defer the feature without blocking required messaging delivery.



Apply all seven team Definition of Done checks; this item is not approval evidence."
S2-P02,[S2-P02] Explore home feed placeholder,Sprint 2,2026-10-12,2026-10-23,1,Scope proposal; not committed,Draft,,D-SCOPE,Supporting UX only,"If approved, decide where the surface lives without adding a fifth primary tab. | Label any placeholder clearly and link to useful existing destinations. | Keep final home-feed delivery in the Sprint 10 proposal and avoid a misleading empty entry point.",,"Story ID: S2-P02
Candidate sprint: 2 (2026-10-12 to 2026-10-23)
Estimate: 1 points (draft)
Scope: Scope proposal; not committed
Dependencies: D-SCOPE
Objectives: Supporting UX only
Status: Draft; unassigned

Acceptance criteria:
- [ ] If approved, decide where the surface lives without adding a fifth primary tab.
- [ ] Label any placeholder clearly and link to useful existing destinations.
- [ ] Keep final home-feed delivery in the Sprint 10 proposal and avoid a misleading empty entry point.



Apply all seven team Definition of Done checks; this item is not approval evidence."
S3-01,"[S3-01] Add listing condition, pickup and photo metadata",Sprint 3,2026-10-26,2026-11-06,3,Contract listing requirements,Draft,,S0-1;S0-2;S1-05;S1-10;D-LISTING-VALUES,3,Create a new migration for condition and pickup location with reviewed values/limits and safe handling of existing rows. | Define stable photo order and asset metadata sufficient for the chosen storage provider. | Fresh/upgrade database checks pass; zero to five photos can be represented without treating the current list table as ordered.,,"Story ID: S3-01
Candidate sprint: 3 (2026-10-26 to 2026-11-06)
Estimate: 3 points (draft)
Scope: Contract listing requirements
Dependencies: S0-1;S0-2;S1-05;S1-10;D-LISTING-VALUES
Objectives: 3
Status: Draft; unassigned

Acceptance criteria:
- [ ] Create a new migration for condition and pickup location with reviewed values/limits and safe handling of existing rows.
- [ ] Define stable photo order and asset metadata sufficient for the chosen storage provider.
- [ ] Fresh/upgrade database checks pass; zero to five photos can be represented without treating the current list table as ordered.



Apply all seven team Definition of Done checks; this item is not approval evidence."
S3-02,[S3-02] Complete listing creation API and photo constraints,Sprint 3,2026-10-26,2026-11-06,5,Contract listing requirements,Draft,,S3-01,2;3;10,"Validate title, description, category, type, price rules, condition, pickup location and at most five owned image references. | Actor and school derive from authorized profile policy; noninstitutional and unauthorized requests are denied. | Creation is atomic; invalid photos or fields do not leave a partial listing and return usable 400 errors.",,"Story ID: S3-02
Candidate sprint: 3 (2026-10-26 to 2026-11-06)
Estimate: 5 points (draft)
Scope: Contract listing requirements
Dependencies: S3-01
Objectives: 2;3;10
Status: Draft; unassigned

Acceptance criteria:
- [ ] Validate title, description, category, type, price rules, condition, pickup location and at most five owned image references.
- [ ] Actor and school derive from authorized profile policy; noninstitutional and unauthorized requests are denied.
- [ ] Creation is atomic; invalid photos or fields do not leave a partial listing and return usable 400 errors.



Apply all seven team Definition of Done checks; this item is not approval evidence."
S3-03,[S3-03] Create mobile listing composer with five-photo upload,Sprint 3,2026-10-26,2026-11-06,5,Contract listing requirements,Draft,,S3-02;S2-03;S2-06,3,"One flow collects required fields, uploads/reorders/removes up to five photos and previews the result. | Show per-upload progress/failure/retry, retain valid input after error, and surface prohibited-item policy before submit. | Time authorized student creation sessions on a 375px phone flow; record sample size, individual times and median against the under-two-minute target.",,"Story ID: S3-03
Candidate sprint: 3 (2026-10-26 to 2026-11-06)
Estimate: 5 points (draft)
Scope: Contract listing requirements
Dependencies: S3-02;S2-03;S2-06
Objectives: 3
Status: Draft; unassigned

Acceptance criteria:
- [ ] One flow collects required fields, uploads/reorders/removes up to five photos and previews the result.
- [ ] Show per-upload progress/failure/retry, retain valid input after error, and surface prohibited-item policy before submit.
- [ ] Time authorized student creation sessions on a 375px phone flow; record sample size, individual times and median against the under-two-minute target.



Apply all seven team Definition of Done checks; this item is not approval evidence."
S3-04,"[S3-04] Implement authorized edit, delete and status transitions",Sprint 3,2026-10-26,2026-11-06,3,Recorded marketplace requirements,Draft,,S3-02,3;10,Owner can edit a listing and move through reviewed AVAILABLE/PENDING/SOLD transitions; other students are denied. | Deletion requires confirmation and has explicit asset cleanup and report-retention behavior reviewed before changing cascade semantics. | Expired/not-found/forbidden paths and concurrent edits show actionable feedback without overwriting another owner.,,"Story ID: S3-04
Candidate sprint: 3 (2026-10-26 to 2026-11-06)
Estimate: 3 points (draft)
Scope: Recorded marketplace requirements
Dependencies: S3-02
Objectives: 3;10
Status: Draft; unassigned

Acceptance criteria:
- [ ] Owner can edit a listing and move through reviewed AVAILABLE/PENDING/SOLD transitions; other students are denied.
- [ ] Deletion requires confirmation and has explicit asset cleanup and report-retention behavior reviewed before changing cascade semantics.
- [ ] Expired/not-found/forbidden paths and concurrent edits show actionable feedback without overwriting another owner.



Apply all seven team Definition of Done checks; this item is not approval evidence."
S3-05,[S3-05] Provide My Listings management,Sprint 3,2026-10-26,2026-11-06,3,Recorded marketplace plan,Draft,,S3-04,3,Owner sees their listings by status with bounded results and actions appropriate to each state. | Create/edit/status changes appear after refresh; empty state leads to listing creation. | Mobile cards and keyboard actions support long titles and upload failures without clipping.,,"Story ID: S3-05
Candidate sprint: 3 (2026-10-26 to 2026-11-06)
Estimate: 3 points (draft)
Scope: Recorded marketplace plan
Dependencies: S3-04
Objectives: 3
Status: Draft; unassigned

Acceptance criteria:
- [ ] Owner sees their listings by status with bounded results and actions appropriate to each state.
- [ ] Create/edit/status changes appear after refresh; empty state leads to listing creation.
- [ ] Mobile cards and keyboard actions support long titles and upload failures without clipping.



Apply all seven team Definition of Done checks; this item is not approval evidence."
S3-06,[S3-06] Finish listing details and safe seller contact entry,Sprint 3,2026-10-26,2026-11-06,3,Recorded marketplace plan,Draft,,S3-02;S1-11,3;6,"Detail shows photo gallery, title, price/type, condition, school, pickup and availability with meaningful image alternatives. | Message seller opens or reuses the authorized listing conversation without exposing email/contact fields. | Sold/deleted listing and own-listing cases have explicit actions; real-time under-two-second delivery remains Sprint 6 work.",,"Story ID: S3-06
Candidate sprint: 3 (2026-10-26 to 2026-11-06)
Estimate: 3 points (draft)
Scope: Recorded marketplace plan
Dependencies: S3-02;S1-11
Objectives: 3;6
Status: Draft; unassigned

Acceptance criteria:
- [ ] Detail shows photo gallery, title, price/type, condition, school, pickup and availability with meaningful image alternatives.
- [ ] Message seller opens or reuses the authorized listing conversation without exposing email/contact fields.
- [ ] Sold/deleted listing and own-listing cases have explicit actions; real-time under-two-second delivery remains Sprint 6 work.



Apply all seven team Definition of Done checks; this item is not approval evidence."
S3-07,[S3-07] Demonstrate listing creation across supported schools,Sprint 3,2026-10-26,2026-11-06,2,Contract acceptance evidence,Draft,,S3-03;S3-05;S3-06;S1-09,1;2;3,Demonstrate registration and listing creation for authorized test identities at at least six supported schools without manual per-student setup. | Exercise five photos and phone timing; record browser/device/network and any failures. | Link evidence to objectives 1–3; do not mark a missed target as passed.,,"Story ID: S3-07
Candidate sprint: 3 (2026-10-26 to 2026-11-06)
Estimate: 2 points (draft)
Scope: Contract acceptance evidence
Dependencies: S3-03;S3-05;S3-06;S1-09
Objectives: 1;2;3
Status: Draft; unassigned

Acceptance criteria:
- [ ] Demonstrate registration and listing creation for authorized test identities at at least six supported schools without manual per-student setup.
- [ ] Exercise five photos and phone timing; record browser/device/network and any failures.
- [ ] Link evidence to objectives 1–3; do not mark a missed target as passed.



Apply all seven team Definition of Done checks; this item is not approval evidence."
S4-01,[S4-01] Bound marketplace search with stable pagination,Sprint 4,2026-11-09,2026-11-20,5,Contract search requirement,Draft,,S3-02,4;10,Every marketplace collection endpoint enforces a documented maximum page size and deterministic sort with tie-breaker. | Query input is validated/parameterized; paging produces no duplicates or omissions on the fixed benchmark fixture. | Client preserves search/filter state while moving through pages and shows result count/loading/error states.,,"Story ID: S4-01
Candidate sprint: 4 (2026-11-09 to 2026-11-20)
Estimate: 5 points (draft)
Scope: Contract search requirement
Dependencies: S3-02
Objectives: 4;10
Status: Draft; unassigned

Acceptance criteria:
- [ ] Every marketplace collection endpoint enforces a documented maximum page size and deterministic sort with tie-breaker.
- [ ] Query input is validated/parameterized; paging produces no duplicates or omissions on the fixed benchmark fixture.
- [ ] Client preserves search/filter state while moving through pages and shows result count/loading/error states.



Apply all seven team Definition of Done checks; this item is not approval evidence."
S4-02,"[S4-02] Add reviewed search indexes and 10,000-listing benchmark",Sprint 4,2026-11-09,2026-11-20,5,Contract performance requirement,Draft,,S4-01,4,"Seed a disposable reproducible 10,000-listing dataset and document distributions, hardware, network and cold/warm conditions. | Use query plans to select migration-backed indexes for measured search/filter/sort paths. | Measure request-to-visible-results timing and server timing; record all samples and p50/p95 against the under-one-second objective with a stated workload.",The contract summary does not define a percentile/workload; record the evaluation agreement instead of silently replacing the target with a favorable average.,"Story ID: S4-02
Candidate sprint: 4 (2026-11-09 to 2026-11-20)
Estimate: 5 points (draft)
Scope: Contract performance requirement
Dependencies: S4-01
Objectives: 4
Status: Draft; unassigned

Acceptance criteria:
- [ ] Seed a disposable reproducible 10,000-listing dataset and document distributions, hardware, network and cold/warm conditions.
- [ ] Use query plans to select migration-backed indexes for measured search/filter/sort paths.
- [ ] Measure request-to-visible-results timing and server timing; record all samples and p50/p95 against the under-one-second objective with a stated workload.

The contract summary does not define a percentile/workload; record the evaluation agreement instead of silently replacing the target with a favorable average.

Apply all seven team Definition of Done checks; this item is not approval evidence."
S4-03,[S4-03] Complete search filters and sorts,Sprint 4,2026-11-09,2026-11-20,3,Recorded marketplace plan,Draft,,S4-01;S3-01,4,"Combine text, school, category, price and condition filters with date/price sorts and an explicit clear action. | Mobile filters retain selections, apply predictably and return focus when closed. | Empty results, invalid range and server error states have useful recovery; all combinations stay bounded.",,"Story ID: S4-03
Candidate sprint: 4 (2026-11-09 to 2026-11-20)
Estimate: 3 points (draft)
Scope: Recorded marketplace plan
Dependencies: S4-01;S3-01
Objectives: 4
Status: Draft; unassigned

Acceptance criteria:
- [ ] Combine text, school, category, price and condition filters with date/price sorts and an explicit clear action.
- [ ] Mobile filters retain selections, apply predictably and return focus when closed.
- [ ] Empty results, invalid range and server error states have useful recovery; all combinations stay bounded.



Apply all seven team Definition of Done checks; this item is not approval evidence."
S4-04,[S4-04] Complete course-code textbook discovery,Sprint 4,2026-11-09,2026-11-20,2,Recorded marketplace plan,Draft,,S4-03,4,Normalize reviewed course-code formatting consistently at input and query boundaries. | Course-code search finds matching textbook listings and combines correctly with school/category filters. | Case/spacing/empty-code cases and large-dataset performance are recorded.,,"Story ID: S4-04
Candidate sprint: 4 (2026-11-09 to 2026-11-20)
Estimate: 2 points (draft)
Scope: Recorded marketplace plan
Dependencies: S4-03
Objectives: 4
Status: Draft; unassigned

Acceptance criteria:
- [ ] Normalize reviewed course-code formatting consistently at input and query boundaries.
- [ ] Course-code search finds matching textbook listings and combines correctly with school/category filters.
- [ ] Case/spacing/empty-code cases and large-dataset performance are recorded.



Apply all seven team Definition of Done checks; this item is not approval evidence."
S4-05,"[S4-05] Complete free, looking-for and rental discovery",Sprint 4,2026-11-09,2026-11-20,3,Recorded marketplace plan,Draft,,S4-03;D-LISTING-VALUES,3;4,"Type-specific creation and discovery make FREE, LOOKING_FOR and RENT clear without adding payments. | Price/nullability and rental description rules are reviewed and enforced in API and form validation. | Filter/type badges and empty states work on phone and desktop; no unapproved rental duration or deposit workflow is implied.",,"Story ID: S4-05
Candidate sprint: 4 (2026-11-09 to 2026-11-20)
Estimate: 3 points (draft)
Scope: Recorded marketplace plan
Dependencies: S4-03;D-LISTING-VALUES
Objectives: 3;4
Status: Draft; unassigned

Acceptance criteria:
- [ ] Type-specific creation and discovery make FREE, LOOKING_FOR and RENT clear without adding payments.
- [ ] Price/nullability and rental description rules are reviewed and enforced in API and form validation.
- [ ] Filter/type badges and empty states work on phone and desktop; no unapproved rental duration or deposit workflow is implied.



Apply all seven team Definition of Done checks; this item is not approval evidence."
S4-06,[S4-06] Complete favorites and listing reports,Sprint 4,2026-11-09,2026-11-20,3,Recorded plan; report requirement,Draft,,S4-01;S1-10,9;10,"Favorite/unfavorite is idempotent per student and available through a bounded saved-items view. | Report form captures a validated reason with confirmation, error and duplicate-handling behavior. | Report storage retains sufficient identity/target evidence for the later admin queue; current report storage alone does not satisfy objective 9.",,"Story ID: S4-06
Candidate sprint: 4 (2026-11-09 to 2026-11-20)
Estimate: 3 points (draft)
Scope: Recorded plan; report requirement
Dependencies: S4-01;S1-10
Objectives: 9;10
Status: Draft; unassigned

Acceptance criteria:
- [ ] Favorite/unfavorite is idempotent per student and available through a bounded saved-items view.
- [ ] Report form captures a validated reason with confirmation, error and duplicate-handling behavior.
- [ ] Report storage retains sufficient identity/target evidence for the later admin queue; current report storage alone does not satisfy objective 9.



Apply all seven team Definition of Done checks; this item is not approval evidence."
S4-07,[S4-07] Run search and marketplace regression acceptance,Sprint 4,2026-11-09,2026-11-20,3,Contract evidence and quality,Draft,,S4-02;S4-03;S4-04;S4-05;S4-06,3;4;10,"Repeat mobile listing timing and the agreed 10,000-listing workload after all filter/type changes. | Verify unauthorized mutations and personal-contact payload exclusions across marketplace flows. | Record browser, phone, keyboard and performance evidence with reproducible data and unresolved failures.",,"Story ID: S4-07
Candidate sprint: 4 (2026-11-09 to 2026-11-20)
Estimate: 3 points (draft)
Scope: Contract evidence and quality
Dependencies: S4-02;S4-03;S4-04;S4-05;S4-06
Objectives: 3;4;10
Status: Draft; unassigned

Acceptance criteria:
- [ ] Repeat mobile listing timing and the agreed 10,000-listing workload after all filter/type changes.
- [ ] Verify unauthorized mutations and personal-contact payload exclusions across marketplace flows.
- [ ] Record browser, phone, keyboard and performance evidence with reproducible data and unresolved failures.



Apply all seven team Definition of Done checks; this item is not approval evidence."
S5-01,[S5-01] Prepare fall design report and traceable evidence,Sprint 5,2026-11-23,2026-12-04,3,Recorded presentation plan,Draft,,S3-07;S4-07,1;2;3;4;5;8;11,"Update architecture, ERD, wireframes and requirement-to-evidence table to match demonstrated behavior. | Distinguish shipped features, measured targets, pending requirements and proposed scope in the report. | Include limitations for messaging/moderation/security/uptime and links to reproducible evidence.",,"Story ID: S5-01
Candidate sprint: 5 (2026-11-23 to 2026-12-04)
Estimate: 3 points (draft)
Scope: Recorded presentation plan
Dependencies: S3-07;S4-07
Objectives: 1;2;3;4;5;8;11
Status: Draft; unassigned

Acceptance criteria:
- [ ] Update architecture, ERD, wireframes and requirement-to-evidence table to match demonstrated behavior.
- [ ] Distinguish shipped features, measured targets, pending requirements and proposed scope in the report.
- [ ] Include limitations for messaging/moderation/security/uptime and links to reproducible evidence.



Apply all seven team Definition of Done checks; this item is not approval evidence."
S5-02,[S5-02] Rehearse the fall demonstration,Sprint 5,2026-11-23,2026-12-04,2,Recorded presentation plan,Draft,,S5-01,1;2;3;4;5;8,"Use fabricated/authorized data in a repeatable script covering institutional access, profile, listing, search, directory and theming. | Run the actual demo environment, rehearse failure recovery and verify no secret or personal contact information is shown. | Record timing and presenter handoffs only after the team assigns them; final presentation date remains subject to university confirmation.",,"Story ID: S5-02
Candidate sprint: 5 (2026-11-23 to 2026-12-04)
Estimate: 2 points (draft)
Scope: Recorded presentation plan
Dependencies: S5-01
Objectives: 1;2;3;4;5;8
Status: Draft; unassigned

Acceptance criteria:
- [ ] Use fabricated/authorized data in a repeatable script covering institutional access, profile, listing, search, directory and theming.
- [ ] Run the actual demo environment, rehearse failure recovery and verify no secret or personal contact information is shown.
- [ ] Record timing and presenter handoffs only after the team assigns them; final presentation date remains subject to university confirmation.



Apply all seven team Definition of Done checks; this item is not approval evidence."
S5-03,[S5-03] Resolve fall acceptance defects and preserve regression evidence,Sprint 5,2026-11-23,2026-12-04,5,Quality buffer; capacity proposal,Draft,,S3-07;S4-07,1;2;3;4;5;8;10;11,"Triage demonstrated defects by affected objective and severity; split specific fixes into linked issues when known. | Reproduce, fix and re-check selected defects; do not fill buffer with unapproved feature work. | Record remaining failures and revise readiness claims honestly.","Five points is a provisional buffer, not an estimate for unlimited unknown defects.","Story ID: S5-03
Candidate sprint: 5 (2026-11-23 to 2026-12-04)
Estimate: 5 points (draft)
Scope: Quality buffer; capacity proposal
Dependencies: S3-07;S4-07
Objectives: 1;2;3;4;5;8;10;11
Status: Draft; unassigned

Acceptance criteria:
- [ ] Triage demonstrated defects by affected objective and severity; split specific fixes into linked issues when known.
- [ ] Reproduce, fix and re-check selected defects; do not fill buffer with unapproved feature work.
- [ ] Record remaining failures and revise readiness claims honestly.

Five points is a provisional buffer, not an estimate for unlimited unknown defects.

Apply all seven team Definition of Done checks; this item is not approval evidence."
S5-04,[S5-04] Run retrospective and replan spring scope,Sprint 5,2026-11-23,2026-12-04,2,Recorded planning process,Draft,,S5-02;S5-03,6;7;9;10;11,"Compare estimates with actual delivery and revise capacity using evidence. | Carry required messaging, feeds, moderation, security and availability work into Sprints 6–12 with dependencies visible. | Record team decisions on optional scope, winter break and spring university dates; update the shared tracker and approved board.",,"Story ID: S5-04
Candidate sprint: 5 (2026-11-23 to 2026-12-04)
Estimate: 2 points (draft)
Scope: Recorded planning process
Dependencies: S5-02;S5-03
Objectives: 6;7;9;10;11
Status: Draft; unassigned

Acceptance criteria:
- [ ] Compare estimates with actual delivery and revise capacity using evidence.
- [ ] Carry required messaging, feeds, moderation, security and availability work into Sprints 6–12 with dependencies visible.
- [ ] Record team decisions on optional scope, winter break and spring university dates; update the shared tracker and approved board.



Apply all seven team Definition of Done checks; this item is not approval evidence."
